{
"lengthUnit": "mil",
"components": {
	"fields": ["COMPONENT_NO", "COMPONENT_NAME", "LAYER", "X_COORDINATE", "Y_COORDINATE", "ANGLE"],
	"rows": [
		[1, "C1", "T", -1655.99, -38.18, 0],
		[2, "C2", "T", -1180, -40, 0],
		[3, "C3", "T", -690, -40, 0],
		[4, "C4", "T", -203.09, -37.29, 0],
		[5, "C5", "T", -1630.99, 1633.38, 0],
		[6, "C6", "T", -1140, 1630, 0],
		[7, "C7", "T", -645.99, 1633.32, 0],
		[8, "C8", "T", -143.54, 1638.54, 0],
		[9, "C9", "T", -1020, 665, 180],
		[10, "C10", "T", -425, 700, 0],
		[11, "C11", "T", -1850, 1310, 180],
		[12, "C12", "T", -1850, 685, 180],
		[13, "CN1", "T", -1495, 335, 0],
		[14, "CN2", "T", -1005, 335, 0],
		[15, "CN3", "T", -515, 335, 0],
		[16, "CN4", "T", -25, 335, 0],
		[17, "CN5", "T", -1560, 1315, 180],
		[18, "CN6", "T", -1070, 1315, 180],
		[19, "CN7", "T", -575, 1315, 180],
		[20, "CN8", "T", -75, 1320, 180],
		[21, "CONT_REG", "T", -1305, 680, 180],
		[22, "IN_HEADER", "T", 405, 805, 90],
		[23, "LED1", "T", -1517.07, -12.22, 180],
		[24, "LED2", "T", -1024.17, -17.28, 180],
		[25, "LED3", "T", -547.07, -15.33, 180],
		[26, "LED4", "T", -49.17, -15.97, 180],
		[27, "LED5", "T", -1532.07, 1657.98, 180],
		[28, "LED6", "T", -1025.99, 1655.32, 180],
		[29, "LED7", "T", -547.07, 1660.63, 180],
		[30, "LED8", "T", -44.17, 1663.04, 180],
		[31, "OUT_HEADER", "T", -2060, 805, 90],
		[32, "OUT_REG", "T", -290, 925, 90],
		[33, "Q1", "T", -1769.37, 235.63, 180],
		[34, "Q2", "T", -1280, 235, 180],
		[35, "Q3", "T", -788.03, 238.23, 180],
		[36, "Q4", "T", -300, 230, 180],
		[37, "Q5", "T", -1289.37, 1410.63, 0],
		[38, "Q6", "T", -795, 1415, 0],
		[39, "Q7", "T", -290, 1415, 0],
		[40, "Q8", "T", 205, 1420, 0],
		[41, "R1", "T", -1740.45, 370.45, 270],
		[42, "R2", "T", -1235, 370, 270],
		[43, "R3", "T", -752.66, 367.53, 270],
		[44, "R4", "T", -264.88, 362.41, 270],
		[45, "R5", "T", -1252.15, 1275.87, 90],
		[46, "R6", "T", -755, 1285, 90],
		[47, "R7", "T", -255, 1280, 90],
		[48, "R8", "T", 249.22, 1284.25, 90],
		[49, "R9", "T", -1655, 10, 180],
		[50, "R10", "T", -1183.09, 6.82, 180],
		[51, "R11", "T", -690, 10, 180],
		[52, "R12", "T", -203.09, 9.43, 180],
		[53, "R13", "T", -1620, 1680, 180],
		[54, "R14", "T", -1135, 1680, 180],
		[55, "R15", "T", -640, 1685, 180],
		[56, "R16", "T", -135, 1685, 180],
		[57, "R17", "T", -1884.01, 224.37, 90],
		[58, "R18", "T", -1855, 1635, 180],
		[59, "RPDI1", "T", -1773.23, 136.44, 180],
		[60, "RPDI2", "T", -1280, 135, 180],
		[61, "RPDI3", "T", -783.23, 138.34, 180],
		[62, "RPDI4", "T", -302.72, 126.04, 180],
		[63, "RPDI5", "T", -1290, 1515, 0],
		[64, "RPDI6", "T", -787.72, 1520.23, 0],
		[65, "RPDI7", "T", -288.23, 1526.73, 180],
		[66, "RPDI8", "T", 207.28, 1524.43, 0],
		[67, "RSR1", "T", -1802.97, 371.04, 270],
		[68, "RSR2", "T", -1297.47, 368.74, 270],
		[69, "RSR3", "T", -825, 370, 270],
		[70, "RSR4", "T", -330, 360, 270],
		[71, "RSR5", "T", -1322.97, 1277.13, 90],
		[72, "RSR6", "T", -822.81, 1285.17, 90],
		[73, "RSR7", "T", -322.98, 1281.33, 90],
		[74, "RSR8", "T", 180, 1285, 90],
		[75, "U5", "T", -1885, 375, 270],
		[76, "PAD1", "T", -2040, 1605, 0],
		[77, "PAD1", "B", -2040, 1605, 0],
		[78, "PAD2", "T", -2040, 45, 0],
		[79, "PAD2", "B", -2040, 45, 0],
		[80, "PAD3", "T", 380, 1620, 0],
		[81, "PAD3", "B", 380, 1620, 0],
		[82, "PAD4", "T", 380, 45, 0],
		[83, "PAD4", "B", 380, 45, 0]
	]
},
"pins": {
	"fields": ["PIN_NO", "PIN_NAME", "PIN_X", "PIN_Y", "LAYER", "PIN_TYPE", "NET_NAME", "NET_TYPE", "PAD_SHAPE", "PAD_SIZEX", "PAD_SIZEY", "HOLE_SIZE", "PAD_ANGLE"],
	"rows": [
		[1, "C1_1", -1677.45, -38.18, "T", "SMD", "GND", "GND", "R", 31.11, 21.26, 0, 0],
		[2, "C1_2", -1634.53, -38.18, "T", "SMD", "+5V", "", "R", 31.11, 21.26, 0, 0],
		[3, "C2_1", -1201.46, -40, "T", "SMD", "GND", "GND", "R", 31.11, 21.26, 0, 0],
		[4, "C2_2", -1158.54, -40, "T", "SMD", "+5V", "", "R", 31.11, 21.26, 0, 0],
		[5, "C3_1", -711.46, -40, "T", "SMD", "GND", "GND", "R", 31.11, 21.26, 0, 0],
		[6, "C3_2", -668.54, -40, "T", "SMD", "+5V", "", "R", 31.11, 21.26, 0, 0],
		[7, "C4_1", -224.55, -37.29, "T", "SMD", "GND", "GND", "R", 31.11, 21.26, 0, 0],
		[8, "C4_2", -181.63, -37.29, "T", "SMD", "+5V", "", "R", 31.11, 21.26, 0, 0],
		[9, "C5_1", -1652.45, 1633.38, "T", "SMD", "GND", "GND", "R", 31.11, 21.26, 0, 0],
		[10, "C5_2", -1609.53, 1633.38, "T", "SMD", "+5V", "", "R", 31.11, 21.26, 0, 0],
		[11, "C6_1", -1161.46, 1630, "T", "SMD", "GND", "GND", "R", 31.11, 21.26, 0, 0],
		[12, "C6_2", -1118.54, 1630, "T", "SMD", "+5V", "", "R", 31.11, 21.26, 0, 0],
		[13, "C7_1", -667.45, 1633.32, "T", "SMD", "GND", "GND", "R", 31.11, 21.26, 0, 0],
		[14, "C7_2", -624.53, 1633.32, "T", "SMD", "+5V", "", "R", 31.11, 21.26, 0, 0],
		[15, "C8_1", -165, 1638.54, "T", "SMD", "GND", "GND", "R", 31.11, 21.26, 0, 0],
		[16, "C8_2", -122.08, 1638.54, "T", "SMD", "+5V", "", "R", 31.11, 21.26, 0, 0],
		[17, "C9_1", -992.44, 665, "T", "SMD", "GND", "GND", "R", 31.5, 35.43, 0, 180],
		[18, "C9_2", -1047.56, 665, "T", "SMD", "+5V", "", "R", 31.5, 35.43, 0, 180],
		[19, "C10_1", -452.56, 700, "T", "SMD", "GND", "GND", "R", 31.5, 35.43, 0, 0],
		[20, "C10_2", -397.44, 700, "T", "SMD", "+5V", "", "R", 31.5, 35.43, 0, 0],
		[21, "C11_1", -1800, 1310, "T", "DIP", "+5V", "", "C", 62.99, 62.99, 39.37, 180],
		[22, "C11_1", -1800, 1310, "B", "DIP", "+5V", "", "C", 62.99, 62.99, 39.37, 180],
		[23, "C11_2", -1900, 1310, "T", "DIP", "GND", "GND", "C", 62.99, 62.99, 39.37, 180],
		[24, "C11_2", -1900, 1310, "B", "DIP", "GND", "GND", "C", 62.99, 62.99, 39.37, 180],
		[25, "C12_1", -1800, 685, "T", "DIP", "+5V", "", "C", 62.99, 62.99, 39.37, 180],
		[26, "C12_1", -1800, 685, "B", "DIP", "+5V", "", "C", 62.99, 62.99, 39.37, 180],
		[27, "C12_2", -1900, 685, "T", "DIP", "GND", "GND", "C", 62.99, 62.99, 39.37, 180],
		[28, "C12_2", -1900, 685, "B", "DIP", "GND", "GND", "C", 62.99, 62.99, 39.37, 180],
		[29, "CN1_1", -1563.9, 433.43, "T", "DIP", "CS_1", "", "C", 78.74, 78.74, 55.2, 180],
		[30, "CN1_1", -1563.9, 433.43, "B", "DIP", "CS_1", "", "C", 78.74, 78.74, 55.2, 180],
		[31, "CN1_2", -1426.1, 236.57, "T", "DIP", "+5V", "", "R", 78.74, 78.74, 55.2, 180],
		[32, "CN1_2", -1426.1, 236.57, "B", "DIP", "+5V", "", "R", 78.74, 78.74, 55.2, 180],
		[33, "CN2_1", -1073.9, 433.43, "T", "DIP", "CS_2", "", "C", 78.74, 78.74, 55.2, 180],
		[34, "CN2_1", -1073.9, 433.43, "B", "DIP", "CS_2", "", "C", 78.74, 78.74, 55.2, 180],
		[35, "CN2_2", -936.1, 236.57, "T", "DIP", "+5V", "", "R", 78.74, 78.74, 55.2, 180],
		[36, "CN2_2", -936.1, 236.57, "B", "DIP", "+5V", "", "R", 78.74, 78.74, 55.2, 180],
		[37, "CN3_1", -583.9, 433.43, "T", "DIP", "CS_3", "", "C", 78.74, 78.74, 55.2, 180],
		[38, "CN3_1", -583.9, 433.43, "B", "DIP", "CS_3", "", "C", 78.74, 78.74, 55.2, 180],
		[39, "CN3_2", -446.1, 236.57, "T", "DIP", "+5V", "", "R", 78.74, 78.74, 55.2, 180],
		[40, "CN3_2", -446.1, 236.57, "B", "DIP", "+5V", "", "R", 78.74, 78.74, 55.2, 180],
		[41, "CN4_1", -93.9, 433.43, "T", "DIP", "CS_4", "", "C", 78.74, 78.74, 55.2, 180],
		[42, "CN4_1", -93.9, 433.43, "B", "DIP", "CS_4", "", "C", 78.74, 78.74, 55.2, 180],
		[43, "CN4_2", 43.9, 236.57, "T", "DIP", "+5V", "", "R", 78.74, 78.74, 55.2, 180],
		[44, "CN4_2", 43.9, 236.57, "B", "DIP", "+5V", "", "R", 78.74, 78.74, 55.2, 180],
		[45, "CN5_1", -1491.1, 1216.58, "T", "DIP", "CS_5", "", "C", 78.74, 78.74, 55.2, 0],
		[46, "CN5_1", -1491.1, 1216.58, "B", "DIP", "CS_5", "", "C", 78.74, 78.74, 55.2, 0],
		[47, "CN5_2", -1628.9, 1413.42, "T", "DIP", "+5V", "", "R", 78.74, 78.74, 55.2, 0],
		[48, "CN5_2", -1628.9, 1413.42, "B", "DIP", "+5V", "", "R", 78.74, 78.74, 55.2, 0],
		[49, "CN6_1", -1001.1, 1216.58, "T", "DIP", "CS_6", "", "C", 78.74, 78.74, 55.2, 0],
		[50, "CN6_1", -1001.1, 1216.58, "B", "DIP", "CS_6", "", "C", 78.74, 78.74, 55.2, 0],
		[51, "CN6_2", -1138.9, 1413.42, "T", "DIP", "+5V", "", "R", 78.74, 78.74, 55.2, 0],
		[52, "CN6_2", -1138.9, 1413.42, "B", "DIP", "+5V", "", "R", 78.74, 78.74, 55.2, 0],
		[53, "CN7_1", -506.1, 1216.58, "T", "DIP", "CS_7", "", "C", 78.74, 78.74, 55.2, 0],
		[54, "CN7_1", -506.1, 1216.58, "B", "DIP", "CS_7", "", "C", 78.74, 78.74, 55.2, 0],
		[55, "CN7_2", -643.9, 1413.42, "T", "DIP", "+5V", "", "R", 78.74, 78.74, 55.2, 0],
		[56, "CN7_2", -643.9, 1413.42, "B", "DIP", "+5V", "", "R", 78.74, 78.74, 55.2, 0],
		[57, "CN8_1", -6.1, 1221.58, "T", "DIP", "CS_8", "", "C", 78.74, 78.74, 55.2, 0],
		[58, "CN8_1", -6.1, 1221.58, "B", "DIP", "CS_8", "", "C", 78.74, 78.74, 55.2, 0],
		[59, "CN8_2", -143.9, 1418.42, "T", "DIP", "+5V", "", "R", 78.74, 78.74, 55.2, 0],
		[60, "CN8_2", -143.9, 1418.42, "B", "DIP", "+5V", "", "R", 78.74, 78.74, 55.2, 0],
		[61, "CONT_REG_1", -1130, 793.09, "T", "SMD", "IN_SHLD", "", "O", 22.05, 68.7, 0, 180],
		[62, "CONT_REG_2", -1180, 793.09, "T", "SMD", "IN_CLK", "", "O", 22.05, 68.7, 0, 180],
		[63, "CONT_REG_3", -1230, 793.09, "T", "SMD", "CS_5", "", "O", 22.05, 68.7, 0, 180],
		[64, "CONT_REG_4", -1280, 793.09, "T", "SMD", "CS_6", "", "O", 22.05, 68.7, 0, 180],
		[65, "CONT_REG_5", -1330, 793.09, "T", "SMD", "CS_7", "", "O", 22.05, 68.7, 0, 180],
		[66, "CONT_REG_6", -1380, 793.09, "T", "SMD", "CS_8", "", "O", 22.05, 68.7, 0, 180],
		[67, "CONT_REG_7", -1430, 793.09, "T", "SMD", "CONT_REG_7", "", "O", 22.05, 68.7, 0, 180],
		[68, "CONT_REG_8", -1480, 793.09, "T", "SMD", "GND", "GND", "O", 22.05, 68.7, 0, 180],
		[69, "CONT_REG_9", -1480, 566.91, "T", "SMD", "CONT_CHAIN_OUT", "", "O", 22.05, 68.7, 0, 180],
		[70, "CONT_REG_10", -1430, 566.91, "T", "SMD", "CONT_CHAIN_IN", "", "O", 22.05, 68.7, 0, 180],
		[71, "CONT_REG_11", -1380, 566.91, "T", "SMD", "CS_1", "", "O", 22.05, 68.7, 0, 180],
		[72, "CONT_REG_12", -1330, 566.91, "T", "SMD", "CS_2", "", "O", 22.05, 68.7, 0, 180],
		[73, "CONT_REG_13", -1280, 566.91, "T", "SMD", "CS_3", "", "O", 22.05, 68.7, 0, 180],
		[74, "CONT_REG_14", -1230, 566.91, "T", "SMD", "CS_4", "", "O", 22.05, 68.7, 0, 180],
		[75, "CONT_REG_15", -1180, 566.91, "T", "SMD", "GND", "GND", "O", 22.05, 68.7, 0, 180],
		[76, "CONT_REG_16", -1130, 566.91, "T", "SMD", "+5V", "", "O", 22.05, 68.7, 0, 180],
		[77, "IN_HEADER_1", 405, 255, "T", "DIP", "+5V", "", "C", 74.8, 74.8, 43.31, 90],
		[78, "IN_HEADER_1", 405, 255, "B", "DIP", "+5V", "", "C", 74.8, 74.8, 43.31, 90],
		[79, "IN_HEADER_2", 405, 355, "T", "DIP", "GND", "GND", "C", 80, 80, 43.31, 90],
		[80, "IN_HEADER_2", 405, 355, "B", "DIP", "GND", "GND", "C", 80, 80, 43.31, 90],
		[81, "IN_HEADER_3", 405, 455, "T", "DIP", "CONT_CHAIN_IN", "", "C", 74.8, 74.8, 43.31, 90],
		[82, "IN_HEADER_3", 405, 455, "B", "DIP", "CONT_CHAIN_IN", "", "C", 74.8, 74.8, 43.31, 90],
		[83, "IN_HEADER_4", 405, 555, "T", "DIP", "IN_SHLD", "", "C", 74.8, 74.8, 43.31, 90],
		[84, "IN_HEADER_4", 405, 555, "B", "DIP", "IN_SHLD", "", "C", 74.8, 74.8, 43.31, 90],
		[85, "IN_HEADER_5", 405, 655, "T", "DIP", "IN_CLK", "", "C", 74.8, 74.8, 43.31, 90],
		[86, "IN_HEADER_5", 405, 655, "B", "DIP", "IN_CLK", "", "C", 74.8, 74.8, 43.31, 90],
		[87, "IN_HEADER_6", 405, 755, "T", "DIP", "IN_HEADER_6", "", "C", 74.8, 74.8, 43.31, 90],
		[88, "IN_HEADER_6", 405, 755, "B", "DIP", "IN_HEADER_6", "", "C", 74.8, 74.8, 43.31, 90],
		[89, "IN_HEADER_7", 405, 855, "T", "DIP", "CTRL_SER_OUT", "", "C", 74.8, 74.8, 43.31, 90],
		[90, "IN_HEADER_7", 405, 855, "B", "DIP", "CTRL_SER_OUT", "", "C", 74.8, 74.8, 43.31, 90],
		[91, "IN_HEADER_8", 405, 955, "T", "DIP", "CTRL_OE_IN", "", "C", 74.8, 74.8, 43.31, 90],
		[92, "IN_HEADER_8", 405, 955, "B", "DIP", "CTRL_OE_IN", "", "C", 74.8, 74.8, 43.31, 90],
		[93, "IN_HEADER_9", 405, 1055, "T", "DIP", "CTRL_LATCH_IN", "", "C", 74.8, 74.8, 43.31, 90],
		[94, "IN_HEADER_9", 405, 1055, "B", "DIP", "CTRL_LATCH_IN", "", "C", 74.8, 74.8, 43.31, 90],
		[95, "IN_HEADER_10", 405, 1155, "T", "DIP", "CTRL_CLK_IN", "", "C", 74.8, 74.8, 43.31, 90],
		[96, "IN_HEADER_10", 405, 1155, "B", "DIP", "CTRL_CLK_IN", "", "C", 74.8, 74.8, 43.31, 90],
		[97, "IN_HEADER_11", 405, 1255, "T", "DIP", "LED_DATA_OUT", "", "C", 74.8, 74.8, 43.31, 90],
		[98, "IN_HEADER_11", 405, 1255, "B", "DIP", "LED_DATA_OUT", "", "C", 74.8, 74.8, 43.31, 90],
		[99, "IN_HEADER_12", 405, 1355, "T", "DIP", "$1N6375", "", "C", 74.8, 74.8, 43.31, 90],
		[100, "IN_HEADER_12", 405, 1355, "B", "DIP", "$1N6375", "", "C", 74.8, 74.8, 43.31, 90],
		[101, "LED1_1", -1487.54, -29.94, "T", "SMD", "$1N3404", "", "R", 31.5, 25.59, 0, 0],
		[102, "LED1_2", -1546.6, -29.94, "T", "SMD", "+5V", "", "R", 31.5, 25.59, 0, 0],
		[103, "LED1_3", -1487.54, 5.5, "T", "SMD", "GND", "GND", "R", 31.5, 25.59, 0, 0],
		[104, "LED1_4", -1546.6, 5.5, "T", "SMD", "$1N3214", "", "R", 31.5, 25.59, 0, 0],
		[105, "LED2_1", -994.64, -34.99, "T", "SMD", "$1N4341", "", "R", 31.5, 25.59, 0, 0],
		[106, "LED2_2", -1053.7, -34.99, "T", "SMD", "+5V", "", "R", 31.5, 25.59, 0, 0],
		[107, "LED2_3", -994.64, 0.44, "T", "SMD", "GND", "GND", "R", 31.5, 25.59, 0, 0],
		[108, "LED2_4", -1053.7, 0.44, "T", "SMD", "$1N3402", "", "R", 31.5, 25.59, 0, 0],
		[109, "LED3_1", -517.54, -33.05, "T", "SMD", "$1N3711", "", "R", 31.5, 25.59, 0, 0],
		[110, "LED3_2", -576.6, -33.05, "T", "SMD", "+5V", "", "R", 31.5, 25.59, 0, 0],
		[111, "LED3_3", -517.54, 2.38, "T", "SMD", "GND", "GND", "R", 31.5, 25.59, 0, 0],
		[112, "LED3_4", -576.6, 2.38, "T", "SMD", "$1N3701", "", "R", 31.5, 25.59, 0, 0],
		[113, "LED4_1", -19.64, -33.69, "T", "SMD", "$1N4346", "", "R", 31.5, 25.59, 0, 0],
		[114, "LED4_2", -78.7, -33.68, "T", "SMD", "+5V", "", "R", 31.5, 25.59, 0, 0],
		[115, "LED4_3", -19.64, 1.75, "T", "SMD", "GND", "GND", "R", 31.5, 25.59, 0, 0],
		[116, "LED4_4", -78.7, 1.75, "T", "SMD", "$1N3709", "", "R", 31.5, 25.59, 0, 0],
		[117, "LED5_1", -1502.54, 1640.26, "T", "SMD", "$1N4307", "", "R", 31.5, 25.59, 0, 0],
		[118, "LED5_2", -1561.6, 1640.26, "T", "SMD", "+5V", "", "R", 31.5, 25.59, 0, 0],
		[119, "LED5_3", -1502.54, 1675.7, "T", "SMD", "GND", "GND", "R", 31.5, 25.59, 0, 0],
		[120, "LED5_4", -1561.6, 1675.7, "T", "SMD", "$1N4297", "", "R", 31.5, 25.59, 0, 0],
		[121, "LED6_1", -996.46, 1637.61, "T", "SMD", "$1N4352", "", "R", 31.5, 25.59, 0, 0],
		[122, "LED6_2", -1055.52, 1637.61, "T", "SMD", "+5V", "", "R", 31.5, 25.59, 0, 0],
		[123, "LED6_3", -996.46, 1673.04, "T", "SMD", "GND", "GND", "R", 31.5, 25.59, 0, 0],
		[124, "LED6_4", -1055.52, 1673.04, "T", "SMD", "$1N4305", "", "R", 31.5, 25.59, 0, 0],
		[125, "LED7_1", -517.54, 1642.92, "T", "SMD", "$1N4325", "", "R", 31.5, 25.59, 0, 0],
		[126, "LED7_2", -576.6, 1642.92, "T", "SMD", "+5V", "", "R", 31.5, 25.59, 0, 0],
		[127, "LED7_3", -517.54, 1678.35, "T", "SMD", "GND", "GND", "R", 31.5, 25.59, 0, 0],
		[128, "LED7_4", -576.6, 1678.35, "T", "SMD", "$1N4315", "", "R", 31.5, 25.59, 0, 0],
		[129, "LED8_1", -14.64, 1645.33, "T", "SMD", "LED_DATA_OUT", "", "R", 31.5, 25.59, 0, 0],
		[130, "LED8_2", -73.7, 1645.33, "T", "SMD", "+5V", "", "R", 31.5, 25.59, 0, 0],
		[131, "LED8_3", -14.64, 1680.76, "T", "SMD", "GND", "GND", "R", 31.5, 25.59, 0, 0],
		[132, "LED8_4", -73.7, 1680.76, "T", "SMD", "$1N4323", "", "R", 31.5, 25.59, 0, 0],
		[133, "OUT_HEADER_1", -2060, 255, "T", "DIP", "+5V", "", "R", 60, 60, 41.34, 90],
		[134, "OUT_HEADER_1", -2060, 255, "B", "DIP", "+5V", "", "R", 60, 60, 41.34, 90],
		[135, "OUT_HEADER_2", -2060, 355, "T", "DIP", "GND", "GND", "C", 80, 80, 41.34, 90],
		[136, "OUT_HEADER_2", -2060, 355, "B", "DIP", "GND", "GND", "C", 80, 80, 41.34, 90],
		[137, "OUT_HEADER_3", -2060, 455, "T", "DIP", "CONT_CHAIN_OUT", "", "C", 75, 75, 41.34, 90],
		[138, "OUT_HEADER_3", -2060, 455, "B", "DIP", "CONT_CHAIN_OUT", "", "C", 75, 75, 41.34, 90],
		[139, "OUT_HEADER_4", -2060, 555, "T", "DIP", "IN_SHLD", "", "C", 75, 75, 41.34, 90],
		[140, "OUT_HEADER_4", -2060, 555, "B", "DIP", "IN_SHLD", "", "C", 75, 75, 41.34, 90],
		[141, "OUT_HEADER_5", -2060, 655, "T", "DIP", "IN_CLK", "", "C", 75, 75, 41.34, 90],
		[142, "OUT_HEADER_5", -2060, 655, "B", "DIP", "IN_CLK", "", "C", 75, 75, 41.34, 90],
		[143, "OUT_HEADER_6", -2060, 755, "T", "DIP", "OUT_HEADER_6", "", "C", 75, 75, 41.34, 90],
		[144, "OUT_HEADER_6", -2060, 755, "B", "DIP", "OUT_HEADER_6", "", "C", 75, 75, 41.34, 90],
		[145, "OUT_HEADER_7", -2060, 855, "T", "DIP", "CTRL_SER_IN", "", "C", 75, 75, 41.34, 90],
		[146, "OUT_HEADER_7", -2060, 855, "B", "DIP", "CTRL_SER_IN", "", "C", 75, 75, 41.34, 90],
		[147, "OUT_HEADER_8", -2060, 955, "T", "DIP", "CTRL_OE_IN", "", "C", 75, 75, 41.34, 90],
		[148, "OUT_HEADER_8", -2060, 955, "B", "DIP", "CTRL_OE_IN", "", "C", 75, 75, 41.34, 90],
		[149, "OUT_HEADER_9", -2060, 1055, "T", "DIP", "CTRL_LATCH_IN", "", "C", 75, 75, 41.34, 90],
		[150, "OUT_HEADER_9", -2060, 1055, "B", "DIP", "CTRL_LATCH_IN", "", "C", 75, 75, 41.34, 90],
		[151, "OUT_HEADER_10", -2060, 1155, "T", "DIP", "CTRL_CLK_IN", "", "C", 75, 75, 41.34, 90],
		[152, "OUT_HEADER_10", -2060, 1155, "B", "DIP", "CTRL_CLK_IN", "", "C", 75, 75, 41.34, 90],
		[153, "OUT_HEADER_11", -2060, 1255, "T", "DIP", "LED_DATA_IN", "", "C", 75, 75, 41.34, 90],
		[154, "OUT_HEADER_11", -2060, 1255, "B", "DIP", "LED_DATA_IN", "", "C", 75, 75, 41.34, 90],
		[155, "OUT_HEADER_12", -2060, 1355, "T", "DIP", "$1N6378", "", "C", 75, 75, 41.34, 90],
		[156, "OUT_HEADER_12", -2060, 1355, "B", "DIP", "$1N6378", "", "C", 75, 75, 41.34, 90],
		[157, "OUT_REG_1", -180.98, 750, "T", "SMD", "CH2_OUT", "", "O", 22.6, 80.24, 0, 90],
		[158, "OUT_REG_2", -180.98, 800, "T", "SMD", "CH3_OUT", "", "O", 22.6, 80.24, 0, 90],
		[159, "OUT_REG_3", -180.98, 850, "T", "SMD", "CH4_OUT", "", "O", 22.6, 80.24, 0, 90],
		[160, "OUT_REG_4", -180.98, 900, "T", "SMD", "CH5_OUT", "", "O", 22.6, 80.24, 0, 90],
		[161, "OUT_REG_5", -180.98, 950, "T", "SMD", "CH6_OUT", "", "O", 22.6, 80.24, 0, 90],
		[162, "OUT_REG_6", -180.98, 1000, "T", "SMD", "CH7_OUT", "", "O", 22.6, 80.24, 0, 90],
		[163, "OUT_REG_7", -180.98, 1050, "T", "SMD", "CH8_OUT", "", "O", 22.6, 80.24, 0, 90],
		[164, "OUT_REG_8", -180.98, 1100, "T", "SMD", "GND", "GND", "O", 22.6, 80.24, 0, 90],
		[165, "OUT_REG_9", -399.02, 1100, "T", "SMD", "CTRL_SER_OUT", "", "O", 22.6, 80.24, 0, 90],
		[166, "OUT_REG_10", -399.02, 1050, "T", "SMD", "+5V", "", "O", 22.6, 80.24, 0, 90],
		[167, "OUT_REG_11", -399.02, 1000, "T", "SMD", "CTRL_CLK_IN", "", "O", 22.6, 80.24, 0, 90],
		[168, "OUT_REG_12", -399.02, 950, "T", "SMD", "CTRL_LATCH_IN", "", "O", 22.6, 80.24, 0, 90],
		[169, "OUT_REG_13", -399.02, 900, "T", "SMD", "CTRL_OE_IN", "", "O", 22.6, 80.24, 0, 90],
		[170, "OUT_REG_14", -399.02, 850, "T", "SMD", "CTRL_SER_IN", "", "O", 22.6, 80.24, 0, 90],
		[171, "OUT_REG_15", -399.02, 800, "T", "SMD", "CH1_OUT", "", "O", 22.6, 80.24, 0, 90],
		[172, "OUT_REG_16", -399.02, 750, "T", "SMD", "+5V", "", "O", 22.6, 80.24, 0, 90],
		[173, "Q1_1", -1808.74, 273.03, "T", "SMD", "$1N1248", "", "R", 49.21, 27.56, 0, 180],
		[174, "Q1_2", -1808.74, 198.23, "T", "SMD", "GND", "GND", "R", 49.21, 27.56, 0, 180],
		[175, "Q1_3", -1730, 235.63, "T", "SMD", "CS_1", "", "R", 49.21, 27.56, 0, 180],
		[176, "Q2_1", -1319.37, 272.4, "T", "SMD", "$1N1252", "", "R", 49.21, 27.56, 0, 180],
		[177, "Q2_2", -1319.37, 197.6, "T", "SMD", "GND", "GND", "R", 49.21, 27.56, 0, 180],
		[178, "Q2_3", -1240.63, 235, "T", "SMD", "CS_2", "", "R", 49.21, 27.56, 0, 180],
		[179, "Q3_1", -827.4, 275.63, "T", "SMD", "$1N1257", "", "R", 49.21, 27.56, 0, 180],
		[180, "Q3_2", -827.4, 200.83, "T", "SMD", "GND", "GND", "R", 49.21, 27.56, 0, 180],
		[181, "Q3_3", -748.66, 238.23, "T", "SMD", "CS_3", "", "R", 49.21, 27.56, 0, 180],
		[182, "Q4_1", -339.37, 267.4, "T", "SMD", "$1N1262", "", "R", 49.21, 27.56, 0, 180],
		[183, "Q4_2", -339.37, 192.6, "T", "SMD", "GND", "GND", "R", 49.21, 27.56, 0, 180],
		[184, "Q4_3", -260.63, 230, "T", "SMD", "CS_4", "", "R", 49.21, 27.56, 0, 180],
		[185, "Q5_1", -1250, 1373.23, "T", "SMD", "$1N1267", "", "R", 49.21, 27.56, 0, 0],
		[186, "Q5_2", -1250, 1448.03, "T", "SMD", "GND", "GND", "R", 49.21, 27.56, 0, 0],
		[187, "Q5_3", -1328.74, 1410.63, "T", "SMD", "CS_5", "", "R", 49.21, 27.56, 0, 0],
		[188, "Q6_1", -755.63, 1377.6, "T", "SMD", "$1N1272", "", "R", 49.21, 27.56, 0, 0],
		[189, "Q6_2", -755.63, 1452.4, "T", "SMD", "GND", "GND", "R", 49.21, 27.56, 0, 0],
		[190, "Q6_3", -834.37, 1415, "T", "SMD", "CS_6", "", "R", 49.21, 27.56, 0, 0],
		[191, "Q7_1", -250.63, 1377.6, "T", "SMD", "$1N1277", "", "R", 49.21, 27.56, 0, 0],
		[192, "Q7_2", -250.63, 1452.4, "T", "SMD", "GND", "GND", "R", 49.21, 27.56, 0, 0],
		[193, "Q7_3", -329.37, 1415, "T", "SMD", "CS_7", "", "R", 49.21, 27.56, 0, 0],
		[194, "Q8_1", 244.37, 1382.6, "T", "SMD", "$1N1396", "", "R", 49.21, 27.56, 0, 0],
		[195, "Q8_2", 244.37, 1457.4, "T", "SMD", "GND", "GND", "R", 49.21, 27.56, 0, 0],
		[196, "Q8_3", 165.63, 1420, "T", "SMD", "CS_8", "", "R", 49.21, 27.56, 0, 0],
		[197, "R1_1", -1740.45, 400.11, "T", "SMD", "CH1_OUT", "", "R", 31.75, 34.02, 0, 270],
		[198, "R1_2", -1740.45, 340.79, "T", "SMD", "$1N1248", "", "R", 31.75, 34.02, 0, 270],
		[199, "R2_1", -1235, 399.66, "T", "SMD", "CH2_OUT", "", "R", 31.75, 34.02, 0, 270],
		[200, "R2_2", -1235, 340.34, "T", "SMD", "$1N1252", "", "R", 31.75, 34.02, 0, 270],
		[201, "R3_1", -752.66, 397.19, "T", "SMD", "CH3_OUT", "", "R", 31.75, 34.02, 0, 270],
		[202, "R3_2", -752.66, 337.87, "T", "SMD", "$1N1257", "", "R", 31.75, 34.02, 0, 270],
		[203, "R4_1", -264.88, 392.07, "T", "SMD", "CH4_OUT", "", "R", 31.75, 34.02, 0, 270],
		[204, "R4_2", -264.88, 332.75, "T", "SMD", "$1N1262", "", "R", 31.75, 34.02, 0, 270],
		[205, "R5_1", -1252.15, 1246.21, "T", "SMD", "CH5_OUT", "", "R", 31.75, 34.02, 0, 90],
		[206, "R5_2", -1252.15, 1305.53, "T", "SMD", "$1N1267", "", "R", 31.75, 34.02, 0, 90],
		[207, "R6_1", -755, 1255.34, "T", "SMD", "CH6_OUT", "", "R", 31.75, 34.02, 0, 90],
		[208, "R6_2", -755, 1314.66, "T", "SMD", "$1N1272", "", "R", 31.75, 34.02, 0, 90],
		[209, "R7_1", -255, 1250.34, "T", "SMD", "CH7_OUT", "", "R", 31.75, 34.02, 0, 90],
		[210, "R7_2", -255, 1309.66, "T", "SMD", "$1N1277", "", "R", 31.75, 34.02, 0, 90],
		[211, "R8_1", 249.22, 1254.59, "T", "SMD", "CH8_OUT", "", "R", 31.75, 34.02, 0, 90],
		[212, "R8_2", 249.22, 1313.91, "T", "SMD", "$1N1396", "", "R", 31.75, 34.02, 0, 90],
		[213, "R9_1", -1637.96, 10, "T", "SMD", "$1N3214", "", "R", 22.27, 21.26, 0, 180],
		[214, "R9_2", -1672.04, 10, "T", "SMD", "LED_DATA_IN", "", "R", 22.27, 21.26, 0, 180],
		[215, "R10_1", -1166.05, 6.82, "T", "SMD", "$1N3402", "", "R", 22.27, 21.26, 0, 180],
		[216, "R10_2", -1200.13, 6.82, "T", "SMD", "$1N3404", "", "R", 22.27, 21.26, 0, 180],
		[217, "R11_1", -672.96, 10, "T", "SMD", "$1N3701", "", "R", 22.27, 21.26, 0, 180],
		[218, "R11_2", -707.04, 10, "T", "SMD", "$1N4341", "", "R", 22.27, 21.26, 0, 180],
		[219, "R12_1", -186.05, 9.43, "T", "SMD", "$1N3709", "", "R", 22.27, 21.26, 0, 180],
		[220, "R12_2", -220.13, 9.43, "T", "SMD", "$1N3711", "", "R", 22.27, 21.26, 0, 180],
		[221, "R13_1", -1602.96, 1680, "T", "SMD", "$1N4297", "", "R", 22.27, 21.26, 0, 180],
		[222, "R13_2", -1637.04, 1680, "T", "SMD", "$1N4346", "", "R", 22.27, 21.26, 0, 180],
		[223, "R14_1", -1117.96, 1680, "T", "SMD", "$1N4305", "", "R", 22.27, 21.26, 0, 180],
		[224, "R14_2", -1152.04, 1680, "T", "SMD", "$1N4307", "", "R", 22.27, 21.26, 0, 180],
		[225, "R15_1", -622.96, 1685, "T", "SMD", "$1N4315", "", "R", 22.27, 21.26, 0, 180],
		[226, "R15_2", -657.04, 1685, "T", "SMD", "$1N4352", "", "R", 22.27, 21.26, 0, 180],
		[227, "R16_1", -117.96, 1685, "T", "SMD", "$1N4323", "", "R", 22.27, 21.26, 0, 180],
		[228, "R16_2", -152.04, 1685, "T", "SMD", "$1N4325", "", "R", 22.27, 21.26, 0, 180],
		[229, "R17_1", -1884.01, 194.71, "T", "SMD", "+5V", "", "R", 31.75, 34.02, 0, 90],
		[230, "R17_2", -1884.01, 254.03, "T", "SMD", "$1N28879", "", "R", 31.75, 34.02, 0, 90],
		[231, "R18_1", -1837.96, 1635, "T", "SMD", "$1N6375", "", "R", 22.27, 21.26, 0, 180],
		[232, "R18_2", -1872.04, 1635, "T", "SMD", "$1N6378", "", "R", 22.27, 21.26, 0, 180],
		[233, "RPDI1_1", -1743.57, 136.44, "T", "SMD", "CS_1", "", "R", 31.75, 34.02, 0, 180],
		[234, "RPDI1_2", -1802.89, 136.44, "T", "SMD", "GND", "GND", "R", 31.75, 34.02, 0, 180],
		[235, "RPDI2_1", -1250.34, 135, "T", "SMD", "CS_2", "", "R", 31.75, 34.02, 0, 180],
		[236, "RPDI2_2", -1309.66, 135, "T", "SMD", "GND", "GND", "R", 31.75, 34.02, 0, 180],
		[237, "RPDI3_1", -753.57, 138.34, "T", "SMD", "CS_3", "", "R", 31.75, 34.02, 0, 180],
		[238, "RPDI3_2", -812.89, 138.34, "T", "SMD", "GND", "GND", "R", 31.75, 34.02, 0, 180],
		[239, "RPDI4_1", -273.06, 126.04, "T", "SMD", "CS_4", "", "R", 31.75, 34.02, 0, 180],
		[240, "RPDI4_2", -332.38, 126.04, "T", "SMD", "GND", "GND", "R", 31.75, 34.02, 0, 180],
		[241, "RPDI5_1", -1319.66, 1515, "T", "SMD", "CS_5", "", "R", 31.75, 34.02, 0, 0],
		[242, "RPDI5_2", -1260.34, 1515, "T", "SMD", "GND", "GND", "R", 31.75, 34.02, 0, 0],
		[243, "RPDI6_1", -817.38, 1520.23, "T", "SMD", "CS_6", "", "R", 31.75, 34.02, 0, 0],
		[244, "RPDI6_2", -758.06, 1520.23, "T", "SMD", "GND", "GND", "R", 31.75, 34.02, 0, 0],
		[245, "RPDI7_1", -258.57, 1526.73, "T", "SMD", "GND", "GND", "R", 31.75, 34.02, 0, 180],
		[246, "RPDI7_2", -317.89, 1526.73, "T", "SMD", "CS_7", "", "R", 31.75, 34.02, 0, 180],
		[247, "RPDI8_1", 177.62, 1524.43, "T", "SMD", "CS_8", "", "R", 31.75, 34.02, 0, 0],
		[248, "RPDI8_2", 236.94, 1524.43, "T", "SMD", "GND", "GND", "R", 31.75, 34.02, 0, 0],
		[249, "RSR1_1", -1802.97, 400.7, "T", "SMD", "GND", "GND", "R", 31.75, 34.02, 0, 270],
		[250, "RSR1_2", -1802.97, 341.38, "T", "SMD", "$1N1248", "", "R", 31.75, 34.02, 0, 270],
		[251, "RSR2_1", -1297.47, 398.4, "T", "SMD", "GND", "GND", "R", 31.75, 34.02, 0, 270],
		[252, "RSR2_2", -1297.47, 339.08, "T", "SMD", "$1N1252", "", "R", 31.75, 34.02, 0, 270],
		[253, "RSR3_1", -825, 399.66, "T", "SMD", "GND", "GND", "R", 31.75, 34.02, 0, 270],
		[254, "RSR3_2", -825, 340.34, "T", "SMD", "$1N1257", "", "R", 31.75, 34.02, 0, 270],
		[255, "RSR4_1", -330, 389.66, "T", "SMD", "GND", "GND", "R", 31.75, 34.02, 0, 270],
		[256, "RSR4_2", -330, 330.34, "T", "SMD", "$1N1262", "", "R", 31.75, 34.02, 0, 270],
		[257, "RSR5_1", -1322.97, 1247.47, "T", "SMD", "GND", "GND", "R", 31.75, 34.02, 0, 90],
		[258, "RSR5_2", -1322.97, 1306.79, "T", "SMD", "$1N1267", "", "R", 31.75, 34.02, 0, 90],
		[259, "RSR6_1", -822.81, 1255.51, "T", "SMD", "GND", "GND", "R", 31.75, 34.02, 0, 90],
		[260, "RSR6_2", -822.81, 1314.83, "T", "SMD", "$1N1272", "", "R", 31.75, 34.02, 0, 90],
		[261, "RSR7_1", -322.98, 1251.67, "T", "SMD", "GND", "GND", "R", 31.75, 34.02, 0, 90],
		[262, "RSR7_2", -322.98, 1310.99, "T", "SMD", "$1N1277", "", "R", 31.75, 34.02, 0, 90],
		[263, "RSR8_1", 180, 1255.34, "T", "SMD", "GND", "GND", "R", 31.75, 34.02, 0, 90],
		[264, "RSR8_2", 180, 1314.66, "T", "SMD", "$1N1396", "", "R", 31.75, 34.02, 0, 90],
		[265, "U5_1", -1885, 333.65, "T", "SMD", "$1N28879", "", "R", 39.37, 55.1, 0, 90],
		[266, "U5_2", -1885, 416.35, "T", "SMD", "GND", "GND", "R", 39.37, 55.1, 0, 90],
		[267, "PAD1_1", -2040, 1605, "T", "DIP", "GND", "GND", "C", 157.48, 157.48, 129.92, 0],
		[268, "PAD1_1", -2040, 1605, "B", "DIP", "GND", "GND", "C", 157.48, 157.48, 129.92, 0],
		[269, "PAD2_1", -2040, 45, "T", "DIP", "GND", "GND", "C", 157.48, 157.48, 129.92, 0],
		[270, "PAD2_1", -2040, 45, "B", "DIP", "GND", "GND", "C", 157.48, 157.48, 129.92, 0],
		[271, "PAD3_1", 380, 1620, "T", "DIP", "GND", "GND", "C", 157.48, 157.48, 129.92, 0],
		[272, "PAD3_1", 380, 1620, "B", "DIP", "GND", "GND", "C", 157.48, 157.48, 129.92, 0],
		[273, "PAD4_1", 380, 45, "T", "DIP", "GND", "GND", "C", 157.48, 157.48, 129.92, 0],
		[274, "PAD4_1", 380, 45, "B", "DIP", "GND", "GND", "C", 157.48, 157.48, 129.92, 0]
	]
}
}